,0
will,242
that,190
employees,167
your,165
employee,159
team,122
company,112
leave,111
work,77
employment,71
this,71
time,54
members,47
their,44
buchheit,40
other,38
must,37
policy,35
health,33
conduct,33
medical,31
personal,28
hours,28
information,28
safety,28
harassment,27
bank,27
handbook,27
member,27
national,26
sexual,24
business,22
jewelry,20
manager,19
such,19
home,19
insurance,18
should,18
paid,18
care,17
military,17
crouse,15
holiday,15
services,13
fmla,12
vacation,12
plan,12
service,12
store,11
days,10
workplace,10
overtime,10
when,10
food,10
they,10
eligible,10
sick,9
including,9
heating,9
cleaning,9
confidential,9
alcohol,9
duty,9
hotel,8
termination,8
family,8
drug,8
under,7
policies,7
benefits,7
property,7
period,7
equipment,7
state,7
accommodation,7
testing,7
department,7
performance,6
benefit,6
personnel,6
cell,6
compensation,6
jacob,6
fire,6
supervisor,6
internet,6
while,5
practice,5
coverage,5
computer,5
customer,5
working,5
during,5
caregiver,5
weeks,5
hall,5
report,5
test,5
minor,5
covered,5
